"region";"immigration category";"country background";"Persons 2020";"Per cent of population 2020"
"3001 Halden";"Immigrants";"Total";3835;12.22
"3001 Halden";"Norwegian-born to immigrant parents";"Total";1097;3.50
"3002 Moss";"Immigrants";"Total";7794;15.82
"3002 Moss";"Norwegian-born to immigrant parents";"Total";2283;4.63
"3003 Sarpsborg";"Immigrants";"Total";8743;15.41
"3003 Sarpsborg";"Norwegian-born to immigrant parents";"Total";2851;5.03
"3004 Fredrikstad";"Immigrants";"Total";12079;14.66
"3004 Fredrikstad";"Norwegian-born to immigrant parents";"Total";3537;4.29
"3005 Drammen";"Immigrants";"Total";21087;20.80
"3005 Drammen";"Norwegian-born to immigrant parents";"Total";7066;6.97
"3006 Kongsberg";"Immigrants";"Total";3979;14.35
"3006 Kongsberg";"Norwegian-born to immigrant parents";"Total";741;2.67
"3007 Ringerike";"Immigrants";"Total";4100;13.38
"3007 Ringerike";"Norwegian-born to immigrant parents";"Total";903;2.95
"3011 Hvaler";"Immigrants";"Total";272;5.83
"3011 Hvaler";"Norwegian-born to immigrant parents";"Total";24;0.51
"3012 Aremark";"Immigrants";"Total";52;3.92
"3012 Aremark";"Norwegian-born to immigrant parents";"Total";10;0.75
"3013 Marker";"Immigrants";"Total";305;8.48
"3013 Marker";"Norwegian-born to immigrant parents";"Total";46;1.28
"3014 Indre ?stfold";"Immigrants";"Total";6843;15.28
"3014 Indre ?stfold";"Norwegian-born to immigrant parents";"Total";1744;3.89
"3015 Skiptvet";"Immigrants";"Total";393;10.33
"3015 Skiptvet";"Norwegian-born to immigrant parents";"Total";57;1.50
"3016 Rakkestad";"Immigrants";"Total";991;12.00
"3016 Rakkestad";"Norwegian-born to immigrant parents";"Total";269;3.26
"3017 R?de";"Immigrants";"Total";954;12.71
"3017 R?de";"Norwegian-born to immigrant parents";"Total";140;1.86
"3018 V?ler (Viken)";"Immigrants";"Total";734;12.80
"3018 V?ler (Viken)";"Norwegian-born to immigrant parents";"Total";168;2.93
"3019 Vestby";"Immigrants";"Total";2620;14.52
"3019 Vestby";"Norwegian-born to immigrant parents";"Total";679;3.76
"3020 Nordre Follo";"Immigrants";"Total";8936;15.07
"3020 Nordre Follo";"Norwegian-born to immigrant parents";"Total";2449;4.13
"3021 ?s";"Immigrants";"Total";4008;19.61
"3021 ?s";"Norwegian-born to immigrant parents";"Total";874;4.28
"3022 Frogn";"Immigrants";"Total";1863;11.73
"3022 Frogn";"Norwegian-born to immigrant parents";"Total";297;1.87
"3023 Nesodden";"Immigrants";"Total";2636;13.44
"3023 Nesodden";"Norwegian-born to immigrant parents";"Total";433;2.21
"3024 B?rum";"Immigrants";"Total";23666;18.53
"3024 B?rum";"Norwegian-born to immigrant parents";"Total";5133;4.02
"3025 Asker";"Immigrants";"Total";15772;16.70
"3025 Asker";"Norwegian-born to immigrant parents";"Total";3488;3.69
"3026 Aurskog-H?land";"Immigrants";"Total";2211;12.71
"3026 Aurskog-H?land";"Norwegian-born to immigrant parents";"Total";454;2.61
"3027 R?lingen";"Immigrants";"Total";3625;19.56
"3027 R?lingen";"Norwegian-born to immigrant parents";"Total";1258;6.79
"3028 Enebakk";"Immigrants";"Total";1692;15.23
"3028 Enebakk";"Norwegian-born to immigrant parents";"Total";460;4.14
"3029 L?renskog";"Immigrants";"Total";9295;22.42
"3029 L?renskog";"Norwegian-born to immigrant parents";"Total";3742;9.03
"3030 Lillestr?m";"Immigrants";"Total";17089;19.87
"3030 Lillestr?m";"Norwegian-born to immigrant parents";"Total";5954;6.92
"3031 Nittedal";"Immigrants";"Total";3528;14.55
"3031 Nittedal";"Norwegian-born to immigrant parents";"Total";1105;4.56
"3032 Gjerdrum";"Immigrants";"Total";955;13.86
"3032 Gjerdrum";"Norwegian-born to immigrant parents";"Total";218;3.16
"3033 Ullensaker";"Immigrants";"Total";8585;21.67
"3033 Ullensaker";"Norwegian-born to immigrant parents";"Total";2750;6.94
"3034 Nes";"Immigrants";"Total";2998;12.98
"3034 Nes";"Norwegian-born to immigrant parents";"Total";666;2.88
"3035 Eidsvoll";"Immigrants";"Total";3693;14.52
"3035 Eidsvoll";"Norwegian-born to immigrant parents";"Total";937;3.68
"3036 Nannestad";"Immigrants";"Total";2791;19.74
"3036 Nannestad";"Norwegian-born to immigrant parents";"Total";687;4.86
"3037 Hurdal";"Immigrants";"Total";273;9.57
"3037 Hurdal";"Norwegian-born to immigrant parents";"Total";40;1.40
"3038 Hole";"Immigrants";"Total";915;13.46
"3038 Hole";"Norwegian-born to immigrant parents";"Total";142;2.09
"3039 Fl?";"Immigrants";"Total";152;14.48
"3039 Fl?";"Norwegian-born to immigrant parents";"Total";20;1.90
"3040 Nesbyen";"Immigrants";"Total";359;10.97
"3040 Nesbyen";"Norwegian-born to immigrant parents";"Total";50;1.53
"3041 Gol";"Immigrants";"Total";675;14.65
"3041 Gol";"Norwegian-born to immigrant parents";"Total";129;2.80
"3042 Hemsedal";"Immigrants";"Total";548;22.04
"3042 Hemsedal";"Norwegian-born to immigrant parents";"Total";96;3.86
"3043 ?l";"Immigrants";"Total";451;9.65
"3043 ?l";"Norwegian-born to immigrant parents";"Total";72;1.54
"3044 Hol";"Immigrants";"Total";707;15.92
"3044 Hol";"Norwegian-born to immigrant parents";"Total";75;1.69
"3045 Sigdal";"Immigrants";"Total";308;8.88
"3045 Sigdal";"Norwegian-born to immigrant parents";"Total";43;1.24
"3046 Kr?dsherad";"Immigrants";"Total";281;12.70
"3046 Kr?dsherad";"Norwegian-born to immigrant parents";"Total";26;1.18
"3047 Modum";"Immigrants";"Total";1529;10.83
"3047 Modum";"Norwegian-born to immigrant parents";"Total";303;2.15
"3048 ?vre Eiker";"Immigrants";"Total";2522;12.98
"3048 ?vre Eiker";"Norwegian-born to immigrant parents";"Total";535;2.75
"3049 Lier";"Immigrants";"Total";4723;17.62
"3049 Lier";"Norwegian-born to immigrant parents";"Total";1277;4.76
"3050 Flesberg";"Immigrants";"Total";263;9.78
"3050 Flesberg";"Norwegian-born to immigrant parents";"Total";35;1.30
"3051 Rollag";"Immigrants";"Total";109;7.84
"3051 Rollag";"Norwegian-born to immigrant parents";"Total";18;1.29
"3052 Nore og Uvdal";"Immigrants";"Total";251;10.29
"3052 Nore og Uvdal";"Norwegian-born to immigrant parents";"Total";12;0.49
"3053 Jevnaker";"Immigrants";"Total";690;10.07
"3053 Jevnaker";"Norwegian-born to immigrant parents";"Total";123;1.80
"3054 Lunner";"Immigrants";"Total";968;10.70
"3054 Lunner";"Norwegian-born to immigrant parents";"Total";176;1.95
"0301 Oslo municipality";"Immigrants";"Total";177455;25.59
"0301 Oslo municipality";"Norwegian-born to immigrant parents";"Total";56899;8.20
"3401 Kongsvinger";"Immigrants";"Total";2044;11.46
"3401 Kongsvinger";"Norwegian-born to immigrant parents";"Total";474;2.66
"3403 Hamar";"Immigrants";"Total";3784;12.06
"3403 Hamar";"Norwegian-born to immigrant parents";"Total";791;2.52
"3405 Lillehammer";"Immigrants";"Total";3249;11.46
"3405 Lillehammer";"Norwegian-born to immigrant parents";"Total";684;2.41
"3407 Gj?vik";"Immigrants";"Total";3899;12.76
"3407 Gj?vik";"Norwegian-born to immigrant parents";"Total";876;2.87
"3411 Ringsaker";"Immigrants";"Total";3264;9.39
"3411 Ringsaker";"Norwegian-born to immigrant parents";"Total";595;1.71
"3412 L?ten";"Immigrants";"Total";661;8.61
"3412 L?ten";"Norwegian-born to immigrant parents";"Total";113;1.47
"3413 Stange";"Immigrants";"Total";2115;10.04
"3413 Stange";"Norwegian-born to immigrant parents";"Total";438;2.08
"3414 Nord-Odal";"Immigrants";"Total";239;4.76
"3414 Nord-Odal";"Norwegian-born to immigrant parents";"Total";25;0.50
"3415 S?r-Odal";"Immigrants";"Total";651;8.24
"3415 S?r-Odal";"Norwegian-born to immigrant parents";"Total";103;1.30
"3416 Eidskog";"Immigrants";"Total";490;8.02
"3416 Eidskog";"Norwegian-born to immigrant parents";"Total";66;1.08
"3417 Grue";"Immigrants";"Total";380;8.24
"3417 Grue";"Norwegian-born to immigrant parents";"Total";58;1.26
"3418 ?snes";"Immigrants";"Total";485;6.73
"3418 ?snes";"Norwegian-born to immigrant parents";"Total";74;1.03
"3419 V?ler (Innlandet)";"Immigrants";"Total";303;8.27
"3419 V?ler (Innlandet)";"Norwegian-born to immigrant parents";"Total";25;0.68
"3420 Elverum";"Immigrants";"Total";2148;10.11
"3420 Elverum";"Norwegian-born to immigrant parents";"Total";417;1.96
"3421 Trysil";"Immigrants";"Total";747;11.27
"3421 Trysil";"Norwegian-born to immigrant parents";"Total";108;1.63
"3422 ?mot";"Immigrants";"Total";312;7.16
"3422 ?mot";"Norwegian-born to immigrant parents";"Total";66;1.52
"3423 Stor-Elvdal";"Immigrants";"Total";289;11.95
"3423 Stor-Elvdal";"Norwegian-born to immigrant parents";"Total";15;0.62
"3424 Rendalen";"Immigrants";"Total";131;7.36
"3424 Rendalen";"Norwegian-born to immigrant parents";"Total";18;1.01
"3425 Engerdal";"Immigrants";"Total";113;8.91
"3425 Engerdal";"Norwegian-born to immigrant parents";"Total";8;0.63
"3426 Tolga";"Immigrants";"Total";200;12.80
"3426 Tolga";"Norwegian-born to immigrant parents";"Total";30;1.92
"3427 Tynset";"Immigrants";"Total";627;11.24
"3427 Tynset";"Norwegian-born to immigrant parents";"Total";103;1.85
"3428 Alvdal";"Immigrants";"Total";186;7.65
"3428 Alvdal";"Norwegian-born to immigrant parents";"Total";25;1.03
"3429 Folldal";"Immigrants";"Total";87;5.63
"3429 Folldal";"Norwegian-born to immigrant parents";"Total";14;0.91
"3430 Os";"Immigrants";"Total";210;11.11
"3430 Os";"Norwegian-born to immigrant parents";"Total";31;1.64
"3431 Dovre";"Immigrants";"Total";215;8.42
"3431 Dovre";"Norwegian-born to immigrant parents";"Total";25;0.98
"3432 Lesja";"Immigrants";"Total";144;7.29
"3432 Lesja";"Norwegian-born to immigrant parents";"Total";17;0.86
"3433 Skj?k";"Immigrants";"Total";136;6.19
"3433 Skj?k";"Norwegian-born to immigrant parents";"Total";13;0.59
"3434 Lom";"Immigrants";"Total";119;5.34
"3434 Lom";"Norwegian-born to immigrant parents";"Total";20;0.90
"3435 V?g?";"Immigrants";"Total";191;5.35
"3435 V?g?";"Norwegian-born to immigrant parents";"Total";27;0.76
"3436 Nord-Fron";"Immigrants";"Total";417;7.29
"3436 Nord-Fron";"Norwegian-born to immigrant parents";"Total";50;0.87
"3437 Sel";"Immigrants";"Total";376;6.55
"3437 Sel";"Norwegian-born to immigrant parents";"Total";61;1.06
"3438 S?r-Fron";"Immigrants";"Total";314;10.07
"3438 S?r-Fron";"Norwegian-born to immigrant parents";"Total";47;1.51
"3439 Ringebu";"Immigrants";"Total";442;10.06
"3439 Ringebu";"Norwegian-born to immigrant parents";"Total";54;1.23
"3440 ?yer";"Immigrants";"Total";624;12.24
"3440 ?yer";"Norwegian-born to immigrant parents";"Total";110;2.16
"3441 Gausdal";"Immigrants";"Total";402;6.58
"3441 Gausdal";"Norwegian-born to immigrant parents";"Total";62;1.02
"3442 ?stre Toten";"Immigrants";"Total";1320;8.82
"3442 ?stre Toten";"Norwegian-born to immigrant parents";"Total";247;1.65
"3443 Vestre Toten";"Immigrants";"Total";1175;8.75
"3443 Vestre Toten";"Norwegian-born to immigrant parents";"Total";243;1.81
"3446 Gran";"Immigrants";"Total";1261;9.25
"3446 Gran";"Norwegian-born to immigrant parents";"Total";286;2.10
"3447 S?ndre Land";"Immigrants";"Total";460;8.19
"3447 S?ndre Land";"Norwegian-born to immigrant parents";"Total";84;1.50
"3448 Nordre Land";"Immigrants";"Total";506;7.63
"3448 Nordre Land";"Norwegian-born to immigrant parents";"Total";66;1.00
"3449 S?r-Aurdal";"Immigrants";"Total";220;7.45
"3449 S?r-Aurdal";"Norwegian-born to immigrant parents";"Total";25;0.85
"3450 Etnedal";"Immigrants";"Total";108;8.44
"3450 Etnedal";"Norwegian-born to immigrant parents";"Total";9;0.70
"3451 Nord-Aurdal";"Immigrants";"Total";613;9.56
"3451 Nord-Aurdal";"Norwegian-born to immigrant parents";"Total";91;1.42
"3452 Vestre Slidre";"Immigrants";"Total";183;8.61
"3452 Vestre Slidre";"Norwegian-born to immigrant parents";"Total";22;1.04
"3453 ?ystre Slidre";"Immigrants";"Total";356;11.03
"3453 ?ystre Slidre";"Norwegian-born to immigrant parents";"Total";52;1.61
"3454 Vang";"Immigrants";"Total";242;15.34
"3454 Vang";"Norwegian-born to immigrant parents";"Total";33;2.09
"3801 Horten";"Immigrants";"Total";3692;13.50
"3801 Horten";"Norwegian-born to immigrant parents";"Total";815;2.98
"3802 Holmestrand";"Immigrants";"Total";2925;11.84
"3802 Holmestrand";"Norwegian-born to immigrant parents";"Total";591;2.39
"3803 T?nsberg";"Immigrants";"Total";6854;12.18
"3803 T?nsberg";"Norwegian-born to immigrant parents";"Total";1432;2.54
"3804 Sandefjord";"Immigrants";"Total";9561;14.99
"3804 Sandefjord";"Norwegian-born to immigrant parents";"Total";2271;3.56
"3805 Larvik";"Immigrants";"Total";5565;11.79
"3805 Larvik";"Norwegian-born to immigrant parents";"Total";1352;2.86
"3806 Porsgrunn";"Immigrants";"Total";4101;11.27
"3806 Porsgrunn";"Norwegian-born to immigrant parents";"Total";868;2.38
"3807 Skien";"Immigrants";"Total";7381;13.43
"3807 Skien";"Norwegian-born to immigrant parents";"Total";2185;3.98
"3808 Notodden";"Immigrants";"Total";1467;11.24
"3808 Notodden";"Norwegian-born to immigrant parents";"Total";274;2.10
"3811 F?rder";"Immigrants";"Total";2976;11.13
"3811 F?rder";"Norwegian-born to immigrant parents";"Total";637;2.38
"3812 Siljan";"Immigrants";"Total";182;7.78
"3812 Siljan";"Norwegian-born to immigrant parents";"Total";20;0.85
"3813 Bamble";"Immigrants";"Total";1179;8.38
"3813 Bamble";"Norwegian-born to immigrant parents";"Total";200;1.42
"3814 Krager?";"Immigrants";"Total";1106;10.66
"3814 Krager?";"Norwegian-born to immigrant parents";"Total";160;1.54
"3815 Drangedal";"Immigrants";"Total";363;8.94
"3815 Drangedal";"Norwegian-born to immigrant parents";"Total";34;0.84
"3816 Nome";"Immigrants";"Total";776;11.91
"3816 Nome";"Norwegian-born to immigrant parents";"Total";143;2.19
"3817 Midt-Telemark";"Immigrants";"Total";1323;12.67
"3817 Midt-Telemark";"Norwegian-born to immigrant parents";"Total";242;2.32
"3818 Tinn";"Immigrants";"Total";643;11.30
"3818 Tinn";"Norwegian-born to immigrant parents";"Total";126;2.21
"3819 Hjartdal";"Immigrants";"Total";115;7.31
"3819 Hjartdal";"Norwegian-born to immigrant parents";"Total";18;1.14
"3820 Seljord";"Immigrants";"Total";256;8.86
"3820 Seljord";"Norwegian-born to immigrant parents";"Total";31;1.07
"3821 Kviteseid";"Immigrants";"Total";188;7.82
"3821 Kviteseid";"Norwegian-born to immigrant parents";"Total";15;0.62
"3822 Nissedal";"Immigrants";"Total";166;11.46
"3822 Nissedal";"Norwegian-born to immigrant parents";"Total";12;0.83
"3823 Fyresdal";"Immigrants";"Total";141;10.96
"3823 Fyresdal";"Norwegian-born to immigrant parents";"Total";19;1.48
"3824 Tokke";"Immigrants";"Total";192;8.72
"3824 Tokke";"Norwegian-born to immigrant parents";"Total";12;0.55
"3825 Vinje";"Immigrants";"Total";337;9.17
"3825 Vinje";"Norwegian-born to immigrant parents";"Total";65;1.77
"4201 Ris?r";"Immigrants";"Total";741;10.88
"4201 Ris?r";"Norwegian-born to immigrant parents";"Total";95;1.40
"4202 Grimstad";"Immigrants";"Total";3039;12.91
"4202 Grimstad";"Norwegian-born to immigrant parents";"Total";591;2.51
"4203 Arendal";"Immigrants";"Total";5475;12.17
"4203 Arendal";"Norwegian-born to immigrant parents";"Total";1163;2.58
"4204 Kristiansand";"Immigrants";"Total";15894;14.24
"4204 Kristiansand";"Norwegian-born to immigrant parents";"Total";4136;3.70
"4205 Lindesnes";"Immigrants";"Total";2484;10.78
"4205 Lindesnes";"Norwegian-born to immigrant parents";"Total";395;1.71
"4206 Farsund";"Immigrants";"Total";942;9.72
"4206 Farsund";"Norwegian-born to immigrant parents";"Total";140;1.44
"4207 Flekkefjord";"Immigrants";"Total";1151;12.75
"4207 Flekkefjord";"Norwegian-born to immigrant parents";"Total";185;2.05
"4211 Gjerstad";"Immigrants";"Total";239;9.84
"4211 Gjerstad";"Norwegian-born to immigrant parents";"Total";35;1.44
"4212 Veg?rshei";"Immigrants";"Total";194;9.25
"4212 Veg?rshei";"Norwegian-born to immigrant parents";"Total";24;1.14
"4213 Tvedestrand";"Immigrants";"Total";630;10.41
"4213 Tvedestrand";"Norwegian-born to immigrant parents";"Total";92;1.52
"4214 Froland";"Immigrants";"Total";507;8.52
"4214 Froland";"Norwegian-born to immigrant parents";"Total";90;1.51
"4215 Lillesand";"Immigrants";"Total";1133;10.23
"4215 Lillesand";"Norwegian-born to immigrant parents";"Total";225;2.03
"4216 Birkenes";"Immigrants";"Total";526;10.07
"4216 Birkenes";"Norwegian-born to immigrant parents";"Total";134;2.56
"4217 ?mli";"Immigrants";"Total";245;13.34
"4217 ?mli";"Norwegian-born to immigrant parents";"Total";56;3.05
"4218 Iveland";"Immigrants";"Total";168;12.62
"4218 Iveland";"Norwegian-born to immigrant parents";"Total";20;1.50
"4219 Evje og Hornnes";"Immigrants";"Total";411;11.31
"4219 Evje og Hornnes";"Norwegian-born to immigrant parents";"Total";83;2.28
"4220 Bygland";"Immigrants";"Total";81;6.97
"4220 Bygland";"Norwegian-born to immigrant parents";"Total";10;0.86
"4221 Valle";"Immigrants";"Total";112;9.62
"4221 Valle";"Norwegian-born to immigrant parents";"Total";12;1.03
"4222 Bykle";"Immigrants";"Total";173;17.93
"4222 Bykle";"Norwegian-born to immigrant parents";"Total";22;2.28
"4223 Vennesla";"Immigrants";"Total";1605;10.86
"4223 Vennesla";"Norwegian-born to immigrant parents";"Total";287;1.94
"4224 ?seral";"Immigrants";"Total";90;9.66
"4224 ?seral";"Norwegian-born to immigrant parents";"Total";14;1.50
"4225 Lyngdal";"Immigrants";"Total";1194;11.52
"4225 Lyngdal";"Norwegian-born to immigrant parents";"Total";211;2.04
"4226 H?gebostad";"Immigrants";"Total";113;6.73
"4226 H?gebostad";"Norwegian-born to immigrant parents";"Total";13;0.77
"4227 Kvinesdal";"Immigrants";"Total";587;9.80
"4227 Kvinesdal";"Norwegian-born to immigrant parents";"Total";62;1.04
"4228 Sirdal";"Immigrants";"Total";193;10.59
"4228 Sirdal";"Norwegian-born to immigrant parents";"Total";26;1.43
"1101 Eigersund";"Immigrants";"Total";1630;11.01
"1101 Eigersund";"Norwegian-born to immigrant parents";"Total";301;2.03
"1103 Stavanger";"Immigrants";"Total";27075;18.86
"1103 Stavanger";"Norwegian-born to immigrant parents";"Total";5972;4.16
"1106 Haugesund";"Immigrants";"Total";5683;15.21
"1106 Haugesund";"Norwegian-born to immigrant parents";"Total";1062;2.84
"1108 Sandnes";"Immigrants";"Total";14445;18.16
"1108 Sandnes";"Norwegian-born to immigrant parents";"Total";3817;4.80
"1111 Sokndal";"Immigrants";"Total";224;6.83
"1111 Sokndal";"Norwegian-born to immigrant parents";"Total";17;0.52
"1112 Lund";"Immigrants";"Total";283;8.84
"1112 Lund";"Norwegian-born to immigrant parents";"Total";45;1.41
"1114 Bjerkreim";"Immigrants";"Total";255;9.15
"1114 Bjerkreim";"Norwegian-born to immigrant parents";"Total";38;1.36
"1119 H?";"Immigrants";"Total";2413;12.71
"1119 H?";"Norwegian-born to immigrant parents";"Total";477;2.51
"1120 Klepp";"Immigrants";"Total";2450;12.51
"1120 Klepp";"Norwegian-born to immigrant parents";"Total";548;2.80
"1121 Time";"Immigrants";"Total";1937;10.24
"1121 Time";"Norwegian-born to immigrant parents";"Total";424;2.24
"1122 Gjesdal";"Immigrants";"Total";1528;12.73
"1122 Gjesdal";"Norwegian-born to immigrant parents";"Total";338;2.82
"1124 Sola";"Immigrants";"Total";4570;16.83
"1124 Sola";"Norwegian-born to immigrant parents";"Total";971;3.58
"1127 Randaberg";"Immigrants";"Total";1269;11.31
"1127 Randaberg";"Norwegian-born to immigrant parents";"Total";263;2.34
"1130 Strand";"Immigrants";"Total";1284;9.90
"1130 Strand";"Norwegian-born to immigrant parents";"Total";267;2.06
"1133 Hjelmeland";"Immigrants";"Total";376;14.61
"1133 Hjelmeland";"Norwegian-born to immigrant parents";"Total";70;2.72
"1134 Suldal";"Immigrants";"Total";386;10.15
"1134 Suldal";"Norwegian-born to immigrant parents";"Total";67;1.76
"1135 Sauda";"Immigrants";"Total";396;8.62
"1135 Sauda";"Norwegian-born to immigrant parents";"Total";45;0.98
"1144 Kvits?y";"Immigrants";"Total";46;8.90
"1144 Kvits?y";"Norwegian-born to immigrant parents";"Total";7;1.35
"1145 Bokn";"Immigrants";"Total";74;8.69
"1145 Bokn";"Norwegian-born to immigrant parents";"Total";7;0.82
"1146 Tysv?r";"Immigrants";"Total";869;7.85
"1146 Tysv?r";"Norwegian-born to immigrant parents";"Total";143;1.29
"1149 Karm?y";"Immigrants";"Total";3801;9.01
"1149 Karm?y";"Norwegian-born to immigrant parents";"Total";606;1.44
"1151 Utsira";"Immigrants";"Total";25;12.63
"1151 Utsira";"Norwegian-born to immigrant parents";"Total";6;3.03
"1160 Vindafjord";"Immigrants";"Total";1061;12.18
"1160 Vindafjord";"Norwegian-born to immigrant parents";"Total";155;1.78
"4601 Bergen";"Immigrants";"Total";43104;15.18
"4601 Bergen";"Norwegian-born to immigrant parents";"Total";9012;3.17
"4602 Kinn";"Immigrants";"Total";2099;12.20
"4602 Kinn";"Norwegian-born to immigrant parents";"Total";355;2.06
"4611 Etne";"Immigrants";"Total";386;9.50
"4611 Etne";"Norwegian-born to immigrant parents";"Total";51;1.26
"4612 Sveio";"Immigrants";"Total";592;10.27
"4612 Sveio";"Norwegian-born to immigrant parents";"Total";90;1.56
"4613 B?mlo";"Immigrants";"Total";1253;10.48
"4613 B?mlo";"Norwegian-born to immigrant parents";"Total";191;1.60
"4614 Stord";"Immigrants";"Total";1992;10.62
"4614 Stord";"Norwegian-born to immigrant parents";"Total";334;1.78
"4615 Fitjar";"Immigrants";"Total";254;7.96
"4615 Fitjar";"Norwegian-born to immigrant parents";"Total";36;1.13
"4616 Tysnes";"Immigrants";"Total";261;9.10
"4616 Tysnes";"Norwegian-born to immigrant parents";"Total";41;1.43
"4617 Kvinnherad";"Immigrants";"Total";972;7.44
"4617 Kvinnherad";"Norwegian-born to immigrant parents";"Total";123;0.94
"4618 Ullensvang";"Immigrants";"Total";1166;10.55
"4618 Ullensvang";"Norwegian-born to immigrant parents";"Total";161;1.46
"4619 Eidfjord";"Immigrants";"Total";91;10.04
"4619 Eidfjord";"Norwegian-born to immigrant parents";"Total";14;1.55
"4620 Ulvik";"Immigrants";"Total";156;14.44
"4620 Ulvik";"Norwegian-born to immigrant parents";"Total";27;2.50
"4621 Voss";"Immigrants";"Total";1398;8.88
"4621 Voss";"Norwegian-born to immigrant parents";"Total";219;1.39
"4622 Kvam";"Immigrants";"Total";870;10.29
"4622 Kvam";"Norwegian-born to immigrant parents";"Total";120;1.42
"4623 Samnanger";"Immigrants";"Total";208;8.37
"4623 Samnanger";"Norwegian-born to immigrant parents";"Total";23;0.93
"4624 Bj?rnafjorden";"Immigrants";"Total";2750;11.04
"4624 Bj?rnafjorden";"Norwegian-born to immigrant parents";"Total";525;2.11
"4625 Austevoll";"Immigrants";"Total";574;10.96
"4625 Austevoll";"Norwegian-born to immigrant parents";"Total";90;1.72
"4626 ?ygarden";"Immigrants";"Total";3923;10.24
"4626 ?ygarden";"Norwegian-born to immigrant parents";"Total";693;1.81
"4627 Ask?y";"Immigrants";"Total";2693;9.11
"4627 Ask?y";"Norwegian-born to immigrant parents";"Total";451;1.53
"4628 Vaksdal";"Immigrants";"Total";377;9.48
"4628 Vaksdal";"Norwegian-born to immigrant parents";"Total";70;1.76
"4629 Modalen";"Immigrants";"Total";31;7.99
"4629 Modalen";"Norwegian-born to immigrant parents";"Total";4;1.03
"4630 Oster?y";"Immigrants";"Total";753;9.30
"4630 Oster?y";"Norwegian-born to immigrant parents";"Total";114;1.41
"4631 Alver";"Immigrants";"Total";2566;8.78
"4631 Alver";"Norwegian-born to immigrant parents";"Total";385;1.32
"4632 Austrheim";"Immigrants";"Total";358;12.47
"4632 Austrheim";"Norwegian-born to immigrant parents";"Total";57;1.99
"4633 Fedje";"Immigrants";"Total";55;10.04
"4633 Fedje";"Norwegian-born to immigrant parents";"Total";3;0.55
"4634 Masfjorden";"Immigrants";"Total";138;8.16
"4634 Masfjorden";"Norwegian-born to immigrant parents";"Total";16;0.95
"4635 Gulen";"Immigrants";"Total";257;11.19
"4635 Gulen";"Norwegian-born to immigrant parents";"Total";39;1.70
"4636 Solund";"Immigrants";"Total";115;14.34
"4636 Solund";"Norwegian-born to immigrant parents";"Total";12;1.50
"4637 Hyllestad";"Immigrants";"Total";169;12.73
"4637 Hyllestad";"Norwegian-born to immigrant parents";"Total";13;0.98
"4638 H?yanger";"Immigrants";"Total";391;9.53
"4638 H?yanger";"Norwegian-born to immigrant parents";"Total";46;1.12
"4639 Vik";"Immigrants";"Total";277;10.51
"4639 Vik";"Norwegian-born to immigrant parents";"Total";49;1.86
"4640 Sogndal";"Immigrants";"Total";1298;10.96
"4640 Sogndal";"Norwegian-born to immigrant parents";"Total";212;1.79
"4641 Aurland";"Immigrants";"Total";278;15.61
"4641 Aurland";"Norwegian-born to immigrant parents";"Total";22;1.24
"4642 L?rdal";"Immigrants";"Total";259;12.18
"4642 L?rdal";"Norwegian-born to immigrant parents";"Total";34;1.60
"4643 ?rdal";"Immigrants";"Total";455;8.76
"4643 ?rdal";"Norwegian-born to immigrant parents";"Total";59;1.14
"4644 Luster";"Immigrants";"Total";400;7.73
"4644 Luster";"Norwegian-born to immigrant parents";"Total";43;0.83
"4645 Askvoll";"Immigrants";"Total";220;7.31
"4645 Askvoll";"Norwegian-born to immigrant parents";"Total";22;0.73
"4646 Fjaler";"Immigrants";"Total";358;12.78
"4646 Fjaler";"Norwegian-born to immigrant parents";"Total";18;0.64
"4647 Sunnfjord";"Immigrants";"Total";2011;9.13
"4647 Sunnfjord";"Norwegian-born to immigrant parents";"Total";339;1.54
"4648 Bremanger";"Immigrants";"Total";519;14.30
"4648 Bremanger";"Norwegian-born to immigrant parents";"Total";65;1.79
"4649 Stad";"Immigrants";"Total";914;9.66
"4649 Stad";"Norwegian-born to immigrant parents";"Total";102;1.08
"4650 Gloppen";"Immigrants";"Total";582;9.94
"4650 Gloppen";"Norwegian-born to immigrant parents";"Total";77;1.32
"4651 Stryn";"Immigrants";"Total";1104;15.48
"4651 Stryn";"Norwegian-born to immigrant parents";"Total";170;2.38
"1505 Kristiansund";"Immigrants";"Total";2731;11.29
"1505 Kristiansund";"Norwegian-born to immigrant parents";"Total";423;1.75
"1506 Molde";"Immigrants";"Total";3612;11.30
"1506 Molde";"Norwegian-born to immigrant parents";"Total";589;1.84
"1507 ?lesund";"Immigrants";"Total";9066;13.68
"1507 ?lesund";"Norwegian-born to immigrant parents";"Total";1434;2.16
"1511 Vanylven";"Immigrants";"Total";215;6.90
"1511 Vanylven";"Norwegian-born to immigrant parents";"Total";21;0.67
"1514 Sande (M?re og Romsdal)";"Immigrants";"Total";457;18.57
"1514 Sande (M?re og Romsdal)";"Norwegian-born to immigrant parents";"Total";37;1.50
"1515 Her?y (M?re og Romsdal)";"Immigrants";"Total";1091;12.26
"1515 Her?y (M?re og Romsdal)";"Norwegian-born to immigrant parents";"Total";149;1.67
"1516 Ulstein";"Immigrants";"Total";1235;14.41
"1516 Ulstein";"Norwegian-born to immigrant parents";"Total";171;2.00
"1517 Hareid";"Immigrants";"Total";817;15.79
"1517 Hareid";"Norwegian-born to immigrant parents";"Total";161;3.11
"1520 ?rsta";"Immigrants";"Total";927;8.56
"1520 ?rsta";"Norwegian-born to immigrant parents";"Total";141;1.30
"1525 Stranda";"Immigrants";"Total";779;17.22
"1525 Stranda";"Norwegian-born to immigrant parents";"Total";139;3.07
"1528 Sykkylven";"Immigrants";"Total";914;11.99
"1528 Sykkylven";"Norwegian-born to immigrant parents";"Total";196;2.57
"1531 Sula";"Immigrants";"Total";1074;11.54
"1531 Sula";"Norwegian-born to immigrant parents";"Total";150;1.61
"1532 Giske";"Immigrants";"Total";916;10.82
"1532 Giske";"Norwegian-born to immigrant parents";"Total";142;1.68
"1535 Vestnes";"Immigrants";"Total";735;11.25
"1535 Vestnes";"Norwegian-born to immigrant parents";"Total";90;1.38
"1539 Rauma";"Immigrants";"Total";708;9.48
"1539 Rauma";"Norwegian-born to immigrant parents";"Total";57;0.76
"1547 Aukra";"Immigrants";"Total";441;12.57
"1547 Aukra";"Norwegian-born to immigrant parents";"Total";64;1.82
"1554 Aver?y";"Immigrants";"Total";597;10.31
"1554 Aver?y";"Norwegian-born to immigrant parents";"Total";65;1.12
"1557 Gjemnes";"Immigrants";"Total";229;8.71
"1557 Gjemnes";"Norwegian-born to immigrant parents";"Total";34;1.29
"1560 Tingvoll";"Immigrants";"Total";288;9.52
"1560 Tingvoll";"Norwegian-born to immigrant parents";"Total";41;1.36
"1563 Sunndal";"Immigrants";"Total";651;9.25
"1563 Sunndal";"Norwegian-born to immigrant parents";"Total";101;1.44
"1566 Surnadal";"Immigrants";"Total";360;6.08
"1566 Surnadal";"Norwegian-born to immigrant parents";"Total";34;0.57
"1573 Sm?la";"Immigrants";"Total";259;12.05
"1573 Sm?la";"Norwegian-born to immigrant parents";"Total";20;0.93
"1576 Aure";"Immigrants";"Total";371;10.58
"1576 Aure";"Norwegian-born to immigrant parents";"Total";35;1.00
"1577 Volda";"Immigrants";"Total";1036;9.89
"1577 Volda";"Norwegian-born to immigrant parents";"Total";146;1.39
"1578 Fjord";"Immigrants";"Total";310;12.16
"1578 Fjord";"Norwegian-born to immigrant parents";"Total";47;1.84
"1579 Hustadvika";"Immigrants";"Total";1146;8.63
"1579 Hustadvika";"Norwegian-born to immigrant parents";"Total";146;1.10
"5001 Trondheim";"Immigrants";"Total";27991;13.64
"5001 Trondheim";"Norwegian-born to immigrant parents";"Total";5429;2.65
"5006 Steinkjer";"Immigrants";"Total";2040;8.38
"5006 Steinkjer";"Norwegian-born to immigrant parents";"Total";276;1.13
"5007 Namsos";"Immigrants";"Total";1228;8.06
"5007 Namsos";"Norwegian-born to immigrant parents";"Total";205;1.35
"5014 Fr?ya";"Immigrants";"Total";1236;24.00
"5014 Fr?ya";"Norwegian-born to immigrant parents";"Total";181;3.51
"5020 Osen";"Immigrants";"Total";49;5.17
"5020 Osen";"Norwegian-born to immigrant parents";"Total";5;0.53
"5021 Oppdal";"Immigrants";"Total";633;9.04
"5021 Oppdal";"Norwegian-born to immigrant parents";"Total";108;1.54
"5022 Rennebu";"Immigrants";"Total";176;7.08
"5022 Rennebu";"Norwegian-born to immigrant parents";"Total";30;1.21
"5025 R?ros";"Immigrants";"Total";471;8.44
"5025 R?ros";"Norwegian-born to immigrant parents";"Total";63;1.13
"5026 Holt?len";"Immigrants";"Total";107;5.40
"5026 Holt?len";"Norwegian-born to immigrant parents";"Total";11;0.56
"5027 Midtre Gauldal";"Immigrants";"Total";747;11.97
"5027 Midtre Gauldal";"Norwegian-born to immigrant parents";"Total";123;1.97
"5028 Melhus";"Immigrants";"Total";1348;8.06
"5028 Melhus";"Norwegian-born to immigrant parents";"Total";214;1.28
"5029 Skaun";"Immigrants";"Total";495;5.95
"5029 Skaun";"Norwegian-born to immigrant parents";"Total";87;1.05
"5031 Malvik";"Immigrants";"Total";1378;9.74
"5031 Malvik";"Norwegian-born to immigrant parents";"Total";194;1.37
"5032 Selbu";"Immigrants";"Total";248;6.11
"5032 Selbu";"Norwegian-born to immigrant parents";"Total";25;0.62
"5033 Tydal";"Immigrants";"Total";37;4.81
"5033 Tydal";"Norwegian-born to immigrant parents";"Total";4;0.52
"5034 Mer?ker";"Immigrants";"Total";252;10.40
"5034 Mer?ker";"Norwegian-born to immigrant parents";"Total";29;1.20
"5035 Stj?rdal";"Immigrants";"Total";2034;8.42
"5035 Stj?rdal";"Norwegian-born to immigrant parents";"Total";317;1.31
"5036 Frosta";"Immigrants";"Total";248;9.44
"5036 Frosta";"Norwegian-born to immigrant parents";"Total";45;1.71
"5037 Levanger";"Immigrants";"Total";1686;8.36
"5037 Levanger";"Norwegian-born to immigrant parents";"Total";256;1.27
"5038 Verdal";"Immigrants";"Total";985;6.59
"5038 Verdal";"Norwegian-born to immigrant parents";"Total";150;1.00
"5041 Sn?ase - Sn?sa";"Immigrants";"Total";131;6.35
"5041 Sn?ase - Sn?sa";"Norwegian-born to immigrant parents";"Total";14;0.68
"5042 Lierne";"Immigrants";"Total";121;8.93
"5042 Lierne";"Norwegian-born to immigrant parents";"Total";10;0.74
"5043 Raarvihke - R?yrvik";"Immigrants";"Total";42;9.11
"5043 Raarvihke - R?yrvik";"Norwegian-born to immigrant parents";"Total";3;0.65
"5044 Namsskogan";"Immigrants";"Total";73;8.66
"5044 Namsskogan";"Norwegian-born to immigrant parents";"Total";6;0.71
"5045 Grong";"Immigrants";"Total";250;10.60
"5045 Grong";"Norwegian-born to immigrant parents";"Total";38;1.61
"5046 H?ylandet";"Immigrants";"Total";58;4.71
"5046 H?ylandet";"Norwegian-born to immigrant parents";"Total";9;0.73
"5047 Overhalla";"Immigrants";"Total";321;8.26
"5047 Overhalla";"Norwegian-born to immigrant parents";"Total";54;1.39
"5049 Flatanger";"Immigrants";"Total";134;12.15
"5049 Flatanger";"Norwegian-born to immigrant parents";"Total";9;0.82
"5052 Leka";"Immigrants";"Total";56;10.05
"5052 Leka";"Norwegian-born to immigrant parents";"Total";0;0.00
"5053 Inder?y";"Immigrants";"Total";389;5.71
"5053 Inder?y";"Norwegian-born to immigrant parents";"Total";51;0.75
"5054 Indre Fosen";"Immigrants";"Total";806;7.99
"5054 Indre Fosen";"Norwegian-born to immigrant parents";"Total";89;0.88
"5055 Heim";"Immigrants";"Total";415;6.96
"5055 Heim";"Norwegian-born to immigrant parents";"Total";37;0.62
"5056 Hitra";"Immigrants";"Total";898;17.78
"5056 Hitra";"Norwegian-born to immigrant parents";"Total";140;2.77
"5057 ?rland";"Immigrants";"Total";733;7.10
"5057 ?rland";"Norwegian-born to immigrant parents";"Total";73;0.71
"5058 ?fjord";"Immigrants";"Total";306;7.14
"5058 ?fjord";"Norwegian-born to immigrant parents";"Total";44;1.03
"5059 Orkland";"Immigrants";"Total";1532;8.41
"5059 Orkland";"Norwegian-born to immigrant parents";"Total";245;1.34
"5060 N?r?ysund";"Immigrants";"Total";954;9.91
"5060 N?r?ysund";"Norwegian-born to immigrant parents";"Total";113;1.17
"5061 Rindal";"Immigrants";"Total";51;2.55
"5061 Rindal";"Norwegian-born to immigrant parents";"Total";9;0.45
"1804 Bod?";"Immigrants";"Total";4913;9.38
"1804 Bod?";"Norwegian-born to immigrant parents";"Total";748;1.43
"1806 Narvik";"Immigrants";"Total";2302;10.54
"1806 Narvik";"Norwegian-born to immigrant parents";"Total";253;1.16
"1811 Bindal";"Immigrants";"Total";62;4.35
"1811 Bindal";"Norwegian-born to immigrant parents";"Total";4;0.28
"1812 S?mna";"Immigrants";"Total";142;7.19
"1812 S?mna";"Norwegian-born to immigrant parents";"Total";14;0.71
"1813 Br?nn?y";"Immigrants";"Total";615;7.77
"1813 Br?nn?y";"Norwegian-born to immigrant parents";"Total";94;1.19
"1815 Vega";"Immigrants";"Total";76;6.33
"1815 Vega";"Norwegian-born to immigrant parents";"Total";3;0.25
"1816 Vevelstad";"Immigrants";"Total";32;6.93
"1816 Vevelstad";"Norwegian-born to immigrant parents";"Total";3;0.65
"1818 Her?y (Nordland)";"Immigrants";"Total";274;15.42
"1818 Her?y (Nordland)";"Norwegian-born to immigrant parents";"Total";40;2.25
"1820 Alstahaug";"Immigrants";"Total";786;10.55
"1820 Alstahaug";"Norwegian-born to immigrant parents";"Total";110;1.48
"1822 Leirfjord";"Immigrants";"Total";268;11.68
"1822 Leirfjord";"Norwegian-born to immigrant parents";"Total";32;1.39
"1824 Vefsn";"Immigrants";"Total";908;6.84
"1824 Vefsn";"Norwegian-born to immigrant parents";"Total";103;0.78
"1825 Grane";"Immigrants";"Total";160;10.80
"1825 Grane";"Norwegian-born to immigrant parents";"Total";25;1.69
"1826 Hattfjelldal";"Immigrants";"Total";81;6.25
"1826 Hattfjelldal";"Norwegian-born to immigrant parents";"Total";13;1.00
"1827 D?nna";"Immigrants";"Total";124;9.04
"1827 D?nna";"Norwegian-born to immigrant parents";"Total";9;0.66
"1828 Nesna";"Immigrants";"Total";271;15.39
"1828 Nesna";"Norwegian-born to immigrant parents";"Total";38;2.16
"1832 Hemnes";"Immigrants";"Total";269;6.04
"1832 Hemnes";"Norwegian-born to immigrant parents";"Total";21;0.47
"1833 Rana";"Immigrants";"Total";1920;7.33
"1833 Rana";"Norwegian-born to immigrant parents";"Total";244;0.93
"1834 Lur?y";"Immigrants";"Total";149;7.88
"1834 Lur?y";"Norwegian-born to immigrant parents";"Total";22;1.16
"1835 Tr?na";"Immigrants";"Total";88;20.23
"1835 Tr?na";"Norwegian-born to immigrant parents";"Total";9;2.07
"1836 R?d?y";"Immigrants";"Total";63;5.19
"1836 R?d?y";"Norwegian-born to immigrant parents";"Total";11;0.91
"1837 Mel?y";"Immigrants";"Total";467;7.43
"1837 Mel?y";"Norwegian-born to immigrant parents";"Total";44;0.70
"1838 Gildesk?l";"Immigrants";"Total";260;13.33
"1838 Gildesk?l";"Norwegian-born to immigrant parents";"Total";23;1.18
"1839 Beiarn";"Immigrants";"Total";52;5.11
"1839 Beiarn";"Norwegian-born to immigrant parents";"Total";4;0.39
"1840 Saltdal";"Immigrants";"Total";377;8.07
"1840 Saltdal";"Norwegian-born to immigrant parents";"Total";60;1.28
"1841 Fauske - Fuosko";"Immigrants";"Total";742;7.62
"1841 Fauske - Fuosko";"Norwegian-born to immigrant parents";"Total";86;0.88
"1845 S?rfold";"Immigrants";"Total";147;7.63
"1845 S?rfold";"Norwegian-born to immigrant parents";"Total";7;0.36
"1848 Steigen";"Immigrants";"Total";275;10.54
"1848 Steigen";"Norwegian-born to immigrant parents";"Total";24;0.92
"1851 L?dingen";"Immigrants";"Total";259;12.73
"1851 L?dingen";"Norwegian-born to immigrant parents";"Total";22;1.08
"1853 Evenes";"Immigrants";"Total";133;9.87
"1853 Evenes";"Norwegian-born to immigrant parents";"Total";16;1.19
"1856 R?st";"Immigrants";"Total";38;7.63
"1856 R?st";"Norwegian-born to immigrant parents";"Total";3;0.60
"1857 V?r?y";"Immigrants";"Total";118;16.21
"1857 V?r?y";"Norwegian-born to immigrant parents";"Total";3;0.27
"1859 Flakstad";"Immigrants";"Total";117;9.20
"1859 Flakstad";"Norwegian-born to immigrant parents";"Total";8;0.63
"1860 Vestv?g?y";"Immigrants";"Total";1105;9.67
"1860 Vestv?g?y";"Norwegian-born to immigrant parents";"Total";156;1.36
"1865 V?gan";"Immigrants";"Total";1383;14.39
"1865 V?gan";"Norwegian-born to immigrant parents";"Total";122;1.27
"1866 Hadsel";"Immigrants";"Total";883;10.95
"1866 Hadsel";"Norwegian-born to immigrant parents";"Total";181;2.25
"1867 B? (Nordland)";"Immigrants";"Total";251;9.77
"1867 B? (Nordland)";"Norwegian-born to immigrant parents";"Total";38;1.48
"1868 ?ksnes";"Immigrants";"Total";536;12.15
"1868 ?ksnes";"Norwegian-born to immigrant parents";"Total";39;0.88
"1870 Sortland - Suort?";"Immigrants";"Total";910;8.61
"1870 Sortland - Suort?";"Norwegian-born to immigrant parents";"Total";99;0.94
"1871 And?y";"Immigrants";"Total";458;9.82
"1871 And?y";"Norwegian-born to immigrant parents";"Total";48;1.03
"1874 Moskenes";"Immigrants";"Total";190;18.72
"1874 Moskenes";"Norwegian-born to immigrant parents";"Total";12;1.18
"1875 Hamar?y";"Immigrants";"Total";317;11.46
"1875 Hamar?y";"Norwegian-born to immigrant parents";"Total";30;1.08
"5401 Troms?";"Immigrants";"Total";10323;13.41
"5401 Troms?";"Norwegian-born to immigrant parents";"Total";1310;1.70
"5402 Harstad";"Immigrants";"Total";2261;9.15
"5402 Harstad";"Norwegian-born to immigrant parents";"Total";338;1.37
"5403 Alta";"Immigrants";"Total";1980;9.52
"5403 Alta";"Norwegian-born to immigrant parents";"Total";169;0.81
"5404 Vard?";"Immigrants";"Total";353;17.40
"5404 Vard?";"Norwegian-born to immigrant parents";"Total";20;0.99
"5405 Vads?";"Immigrants";"Total";821;14.18
"5405 Vads?";"Norwegian-born to immigrant parents";"Total";82;1.42
"5406 Hammerfest";"Immigrants";"Total";1871;16.34
"5406 Hammerfest";"Norwegian-born to immigrant parents";"Total";288;2.52
"5411 Kv?fjord";"Immigrants";"Total";245;8.63
"5411 Kv?fjord";"Norwegian-born to immigrant parents";"Total";37;1.30
"5412 Tjeldsund";"Immigrants";"Total";348;8.25
"5412 Tjeldsund";"Norwegian-born to immigrant parents";"Total";13;0.31
"5413 Ibestad";"Immigrants";"Total";142;10.43
"5413 Ibestad";"Norwegian-born to immigrant parents";"Total";12;0.88
"5414 Gratangen";"Immigrants";"Total";141;12.92
"5414 Gratangen";"Norwegian-born to immigrant parents";"Total";15;1.37
"5415 Loab?k - Lavangen";"Immigrants";"Total";79;7.64
"5415 Loab?k - Lavangen";"Norwegian-born to immigrant parents";"Total";6;0.58
"5416 Bardu";"Immigrants";"Total";273;6.82
"5416 Bardu";"Norwegian-born to immigrant parents";"Total";55;1.37
"5417 Salangen";"Immigrants";"Total";246;11.46
"5417 Salangen";"Norwegian-born to immigrant parents";"Total";25;1.16
"5418 M?lselv";"Immigrants";"Total";429;6.46
"5418 M?lselv";"Norwegian-born to immigrant parents";"Total";65;0.98
"5419 S?rreisa";"Immigrants";"Total";289;8.34
"5419 S?rreisa";"Norwegian-born to immigrant parents";"Total";29;0.84
"5420 Dyr?y";"Immigrants";"Total";69;6.37
"5420 Dyr?y";"Norwegian-born to immigrant parents";"Total";5;0.46
"5421 Senja";"Immigrants";"Total";1556;10.48
"5421 Senja";"Norwegian-born to immigrant parents";"Total";209;1.41
"5422 Balsfjord";"Immigrants";"Total";454;8.17
"5422 Balsfjord";"Norwegian-born to immigrant parents";"Total";43;0.77
"5423 Karls?y";"Immigrants";"Total";278;12.64
"5423 Karls?y";"Norwegian-born to immigrant parents";"Total";34;1.55
"5424 Lyngen";"Immigrants";"Total";164;5.87
"5424 Lyngen";"Norwegian-born to immigrant parents";"Total";31;1.11
"5425 Storfjord - Omasvuotna - Omasvuono";"Immigrants";"Total";158;8.64
"5425 Storfjord - Omasvuotna - Omasvuono";"Norwegian-born to immigrant parents";"Total";8;0.44
"5426 G?ivuotna - K?fjord - Kaivuono";"Immigrants";"Total";128;6.18
"5426 G?ivuotna - K?fjord - Kaivuono";"Norwegian-born to immigrant parents";"Total";14;0.68
"5427 Skjerv?y";"Immigrants";"Total";445;15.20
"5427 Skjerv?y";"Norwegian-born to immigrant parents";"Total";49;1.67
"5428 Nordreisa";"Immigrants";"Total";347;7.14
"5428 Nordreisa";"Norwegian-born to immigrant parents";"Total";40;0.82
"5429 Kv?nangen";"Immigrants";"Total";80;6.72
"5429 Kv?nangen";"Norwegian-born to immigrant parents";"Total";7;0.59
"5430 Guovdageaidnu - Kautokeino";"Immigrants";"Total";204;7.01
"5430 Guovdageaidnu - Kautokeino";"Norwegian-born to immigrant parents";"Total";14;0.48
"5432 Loppa";"Immigrants";"Total";126;14.19
"5432 Loppa";"Norwegian-born to immigrant parents";"Total";10;1.13
"5433 Hasvik";"Immigrants";"Total";219;21.79
"5433 Hasvik";"Norwegian-born to immigrant parents";"Total";17;1.69
"5434 M?s?y";"Immigrants";"Total";220;17.96
"5434 M?s?y";"Norwegian-born to immigrant parents";"Total";26;2.12
"5435 Nordkapp";"Immigrants";"Total";499;15.78
"5435 Nordkapp";"Norwegian-born to immigrant parents";"Total";56;1.77
"5436 Porsanger - Pors?ngu - Porsanki?";"Immigrants";"Total";324;8.10
"5436 Porsanger - Pors?ngu - Porsanki?";"Norwegian-born to immigrant parents";"Total";23;0.58
"5437 K?r?sjohka - Karasjok";"Immigrants";"Total";179;6.81
"5437 K?r?sjohka - Karasjok";"Norwegian-born to immigrant parents";"Total";12;0.46
"5438 Lebesby";"Immigrants";"Total";219;16.98
"5438 Lebesby";"Norwegian-born to immigrant parents";"Total";17;1.32
"5439 Gamvik";"Immigrants";"Total";320;28.27
"5439 Gamvik";"Norwegian-born to immigrant parents";"Total";15;1.33
"5440 Berlev?g";"Immigrants";"Total";161;16.82
"5440 Berlev?g";"Norwegian-born to immigrant parents";"Total";11;1.15
"5441 Deatnu - Tana";"Immigrants";"Total";321;11.00
"5441 Deatnu - Tana";"Norwegian-born to immigrant parents";"Total";28;0.96
"5442 Unj?rga - Nesseby";"Immigrants";"Total";101;10.91
"5442 Unj?rga - Nesseby";"Norwegian-born to immigrant parents";"Total";12;1.30
"5443 B?tsfjord";"Immigrants";"Total";594;26.74
"5443 B?tsfjord";"Norwegian-born to immigrant parents";"Total";75;3.38
"5444 S?r-Varanger";"Immigrants";"Total";1521;14.97
"5444 S?r-Varanger";"Norwegian-born to immigrant parents";"Total";179;1.76
